0001|Xin chào, hôm nay trời rất đẹp.
0002|Tôi đang học cách lập trình bằng ngôn ngữ Visual Basic.
0003|Bạn có thể giúp tôi việc này được không?
0004|Buổi sáng nay tôi dậy sớm để tập thể dục.
0005|Cô ấy thích ăn phở bò vào mỗi buổi sáng.
0006|Chiếc xe máy đó chạy rất êm và tiết kiệm xăng.
0007|Chúng tôi sẽ gặp nhau lúc bảy giờ tối nay.
0008|Con mèo nhỏ đang nằm ngủ trên ghế sofa.
0009|Đường phố Hà Nội buổi tối rất nhộn nhịp.
0010|Em gái tôi đang học lớp mười hai.
0011|Gia đình tôi có bốn người, sống ở Sài Gòn.
0012|Hôm qua trời mưa to suốt cả buổi chiều.
0013|Khi rảnh rỗi, tôi thường đọc sách hoặc xem phim.
0014|Không ai biết chuyện gì đã xảy ra tối hôm đó.
0015|Mọi người đều mong chờ kỳ nghỉ lễ sắp tới.
0016|Ngày mai chúng ta sẽ đi leo núi cùng nhau.
0017|Người thầy giáo ấy giảng bài rất dễ hiểu.
0018|Những bông hoa trong vườn nở rộ vào mùa xuân.
0019|Ông tôi năm nay đã tám mươi tuổi.
0020|Quán cà phê này có không gian rất yên tĩnh.
0021|Sau khi ăn tối, cả nhà cùng xem thời sự.
0022|Tôi vừa mua một chiếc laptop mới để làm việc.
0023|Trận bóng đá tối qua diễn ra rất kịch tính.
0024|Tuần trước tôi đã đi du lịch Đà Lạt.
0025|Vào mùa hè, thời tiết ở đây rất oi bức.
0026|Xe buýt sáng nay bị trễ gần nửa tiếng.
0027|Anh trai tôi làm việc trong một công ty phần mềm.
0028|Bà nội thường kể chuyện cổ tích cho tôi nghe.
0029|Các bạn học sinh đang chuẩn bị cho kỳ thi cuối kỳ.
0030|Chúng ta nên tiết kiệm điện và nước mỗi ngày.
0031|Con đường này dẫn thẳng đến trung tâm thành phố.
0032|Dì tôi mở một tiệm bánh nhỏ gần nhà.
0033|Để hoàn thành dự án, chúng tôi cần thêm thời gian.
0034|Gió thổi mạnh khiến những chiếc lá rơi đầy sân.
0035|Hai đứa trẻ đang chơi đùa vui vẻ trong công viên.
0036|Hồi nhỏ tôi rất thích đọc truyện tranh Nhật Bản.
0037|Khu chợ này bán đủ loại trái cây tươi ngon.
0038|Lần đầu tiên tôi thử món sushi là ở Tokyo.
0039|Mỗi sáng tôi đều uống một cốc cà phê đen.
0040|Một con thuyền nhỏ đang lướt nhẹ trên mặt hồ.
0041|Người dân trong làng sống chủ yếu bằng nghề nông.
0042|Những đám mây trắng trôi lững lờ trên bầu trời.
0043|Nhóm chúng tôi đang lên kế hoạch cho chuyến đi biển.
0044|Ông chủ quán rất thân thiện với khách hàng.
0045|Phòng làm việc của tôi nhìn ra một khu vườn nhỏ.
0046|Sách này viết về lịch sử của dân tộc Việt Nam.
0047|Sân bay quốc tế luôn đông đúc vào dịp lễ tết.
0048|Tòa nhà cao nhất thành phố nằm ở khu trung tâm.
0049|Trẻ em cần được ngủ đủ giấc để phát triển tốt.
0050|Tuyết rơi trắng xóa khắp các con đường ở đó.
0051|Việc học ngoại ngữ đòi hỏi sự kiên trì mỗi ngày.
0052|Vườn cây ăn trái của ông tôi rất rộng lớn.
0053|Xin lỗi, tôi đến trễ vì bị kẹt xe.
0054|Anh ấy vừa mới tốt nghiệp đại học tháng trước.
0055|Bãi biển này nổi tiếng với cát trắng và nước trong.
0056|Buổi hòa nhạc tối qua thực sự rất tuyệt vời.
0057|Các món ăn ở đây đều được chế biến rất tươi ngon.
0058|Chị tôi đang mang thai đứa con đầu lòng.
0059|Chúng tôi đã đặt vé máy bay đi Nhật Bản.
0060|Có một quán ăn nhỏ rất ngon gần nhà tôi.
0061|Cửa hàng đó vừa giảm giá năm mươi phần trăm.
0062|Đêm nay bầu trời đầy sao, thật lãng mạn.
0063|Đội bóng của trường tôi vừa giành chức vô địch.
0064|Em bé mới sinh trông rất đáng yêu.
0065|Gần đây tôi hay bị mất ngủ vào ban đêm.
0066|Hàng xóm nhà tôi nuôi một con chó rất dữ.
0067|Hội chợ sách năm nay có rất nhiều đầu sách hay.
0068|Khách du lịch nước ngoài rất thích ẩm thực Việt Nam.
0069|Kỳ nghỉ hè năm nay tôi dự định về quê thăm ông bà.
0070|Lớp học thêm buổi tối bắt đầu lúc sáu giờ.
0071|Mưa rào bất chợt khiến ai nấy đều ướt sũng.
0072|Món canh chua cá lóc là món tủ của mẹ tôi.
0073|Người bán hàng rong đi qua từng con hẻm nhỏ.
0074|Nhà hàng đó phục vụ rất chu đáo và nhiệt tình.
0075|Những chú chim đang hót líu lo trên cành cây.
0076|Ông lão ngồi câu cá bên bờ sông cả buổi chiều.
0077|Phần lớn sinh viên đều đi làm thêm để trang trải học phí.
0078|Quả xoài này chín mọng và rất ngọt.
0079|Rừng thông ở Đà Lạt tỏa hương thơm dịu nhẹ.
0080|Sau cơn mưa, cầu vồng xuất hiện trên bầu trời.
0081|Số điện thoại của tôi đã thay đổi tuần trước.
0082|Trời đang chuyển lạnh, mọi người nhớ mặc ấm.
0083|Trường đại học đó có chương trình học bổng hấp dẫn.
0084|Tủ lạnh nhà tôi vừa bị hỏng phải sửa gấp.
0085|Ước gì tôi có thể quay lại thời còn đi học.
0086|Vé xem phim cuối tuần thường rất khó mua.
0087|Vịnh Hạ Long là một trong những kỳ quan thiên nhiên.
0088|Xưởng may này sản xuất quần áo xuất khẩu.
0089|Ai cũng bất ngờ trước tin tức đó.
0090|Bên kia sông là một ngôi làng nhỏ yên bình.
0091|Chàng trai ấy đã cầu hôn bạn gái ngay trên sân khấu.
0092|Chiếc đồng hồ cổ này là kỷ vật của ông tôi.
0093|Có lẽ tối nay tôi sẽ ở nhà nấu ăn.
0094|Cơn bão vừa qua gây thiệt hại khá nặng nề.
0095|Đàn cá tung tăng bơi lội trong bể kính.
0096|Điện thoại của tôi hết pin từ lúc nào không hay.
0097|Gạo mùa này được giá nên nông dân rất phấn khởi.
0098|Giọng hát của cô ấy thật trong trẻo và ngọt ngào.
0099|Hai bên đường trồng đầy hoa phượng đỏ rực.
0100|Họp phụ huynh học sinh sẽ diễn ra vào thứ bảy tới.
0101|Không khí trong lành ở vùng núi khiến tôi dễ chịu hẳn.
0102|Kỹ sư phần mềm cần cập nhật kiến thức liên tục.
0103|Lễ hội đèn lồng thu hút rất nhiều du khách.
0104|Mẹ tôi đang chuẩn bị mâm cơm cúng tất niên.
0105|Một vài người vẫn còn ngồi lại quán trò chuyện.
0106|Người phụ nữ ấy đã vượt qua rất nhiều khó khăn.
0107|Nhóm bạn thân của tôi hẹn nhau đi phượt cuối tuần.
0108|Ông bà tôi vẫn giữ thói quen đi bộ mỗi sáng sớm.
0109|Phở là món ăn được nhiều du khách nước ngoài yêu thích.
0110|Quán trà sữa mới mở luôn đông khách xếp hàng.
0111|Sông Hồng chảy qua giữa lòng thành phố Hà Nội.
0112|Trận đấu kết thúc với tỷ số hòa một một.
0113|Tuổi thơ của tôi gắn liền với những cánh diều.
0114|Việc bảo vệ môi trường là trách nhiệm của mọi người.
0115|Xe tải chở hàng bị hư giữa đường cao tốc.
