0001|Chuyến du lịch Đà Nẵng lần này thật sự rất đáng nhớ.
0002|Vịnh Hạ Long được UNESCO công nhận là di sản thiên nhiên thế giới.
0003|Phố cổ Hội An lung linh ánh đèn lồng vào mỗi buổi tối.
0004|Sa Pa mùa đông thường phủ một lớp sương mù dày đặc.
0005|Chúng tôi đã đặt phòng khách sạn gần biển để tiện di chuyển.
0006|Hộ chiếu và vé máy bay là hai thứ không thể quên khi đi nước ngoài.
0007|Đảo Phú Quốc nổi tiếng với những bãi biển cát trắng mịn.
0008|Núi Bà Đen là điểm đến hấp dẫn cho những ai thích leo núi.
0009|Chợ đêm Đà Lạt bán rất nhiều đặc sản địa phương.
0010|Tôi thích chụp ảnh phong cảnh mỗi khi đi du lịch.
0011|Hành lý xách tay không được vượt quá cân nặng quy định.
0012|Chuyến tàu hỏa xuyên Việt mang lại trải nghiệm rất thú vị.
0013|Hướng dẫn viên du lịch giới thiệu rất chi tiết về lịch sử địa phương.
0014|Thác Bản Giốc là một trong những thác nước đẹp nhất Việt Nam.
0015|Chúng tôi thuê xe máy để khám phá cung đường đèo Hải Vân.
0016|Mùa nào đi Mộc Châu ngắm hoa cũng đẹp theo cách riêng.
0017|Khách sạn này có hồ bơi vô cực nhìn ra biển rất tuyệt.
0018|Visa du lịch Nhật Bản hiện nay được xét duyệt khá nhanh.
0019|Tôi luôn mang theo bản đồ khi khám phá thành phố lạ.
0020|Chuyến bay bị hoãn khiến cả đoàn phải chờ ở sân bay lâu hơn dự kiến.
0021|Động Phong Nha có hệ thống hang động kỳ vĩ dưới lòng đất.
0022|Chúng tôi ngắm hoàng hôn tuyệt đẹp trên đồi cát Mũi Né.
0023|Bảo tàng lịch sử là điểm dừng chân đầu tiên trong lịch trình.
0024|Kinh nghiệm du lịch bụi giúp tôi tiết kiệm được rất nhiều chi phí.
0025|Cảnh ruộng bậc thang ở Mù Cang Chải đẹp nhất vào mùa lúa chín.
0026|Tôi đã mua vài món quà lưu niệm cho gia đình và bạn bè.
0027|Thuê hướng dẫn viên riêng giúp chuyến đi thuận tiện hơn rất nhiều.
0028|Bãi biển Nha Trang đông nghịt du khách vào mùa hè.
0029|Chúng tôi cắm trại qua đêm trên cao nguyên đá Đồng Văn.
0030|Việc đổi tiền tệ nên thực hiện tại ngân hàng để tránh bị lừa.
0031|Cầu Vàng ở Đà Nẵng thu hút hàng nghìn lượt khách mỗi ngày.
0032|Tôi luôn lên kế hoạch chi tiết trước mỗi chuyến đi xa.
0033|Thời tiết ở Đà Lạt se lạnh rất thích hợp để đi dạo buổi tối.
0034|Chuyến du thuyền trên sông Mê Kông mang đến trải nghiệm khó quên.
0035|Chúng tôi ở lại homestay của người dân tộc để trải nghiệm văn hóa bản địa.
0036|Hàng không giá rẻ giúp nhiều người có cơ hội đi du lịch xa hơn.
0037|Cột cờ Lũng Cú đánh dấu điểm cực Bắc của Tổ quốc.
0038|Tôi rất thích cảm giác lần đầu đặt chân đến một đất nước mới.
0039|Đoàn khách được đưa đi tham quan các di tích lịch sử nổi tiếng.
0040|Kỳ nghỉ dưỡng ở Phú Quốc giúp tôi thư giãn hoàn toàn sau nhiều tháng làm việc.
