0001|Bát phở bò nóng hổi tỏa hương thơm ngào ngạt.
0002|Bánh mì Việt Nam nổi tiếng khắp thế giới nhờ lớp vỏ giòn rụm.
0003|Bún chả Hà Nội ăn kèm nước mắm chua ngọt rất đúng vị.
0004|Canh chua cá lóc nấu với me và bạc hà rất đưa cơm.
0005|Cà phê sữa đá là thức uống không thể thiếu mỗi sáng.
0006|Chả giò chiên vàng giòn thường xuất hiện trong mâm cỗ Tết.
0007|Cơm tấm sườn bì chả là món ăn sáng quen thuộc của người Sài Gòn.
0008|Gỏi cuốn tôm thịt chấm với tương đen rất thanh mát.
0009|Hủ tiếu Nam Vang có nước dùng ngọt thanh từ xương heo.
0010|Lẩu Thái chua cay luôn được gọi nhiều vào những ngày mưa.
0011|Mì Quảng phải ăn kèm bánh tráng nướng mới đúng điệu.
0012|Món bánh xèo giòn rụm ăn kèm rau sống rất hợp mùa hè.
0013|Nem rán là món không thể thiếu trong bữa cơm ngày lễ.
0014|Nước mắm pha chua ngọt là linh hồn của nhiều món ăn Việt.
0015|Ốc luộc chấm mắm gừng là món khoái khẩu của giới trẻ.
0016|Phở gà thường được ăn kèm với quẩy giòn.
0017|Quán chè này nổi tiếng với món chè thái nhiều topping.
0018|Rau muống xào tỏi là món ăn dân dã mà ai cũng thích.
0019|Thịt kho tàu ăn cùng dưa giá là món truyền thống ngày Tết.
0020|Trà sữa trân châu đường đen đang là trào lưu của giới trẻ.
0021|Xôi gấc đỏ tươi thường được dùng trong các dịp cưới hỏi.
0022|Bánh cuốn nóng ăn kèm chả lụa và hành phi rất ngon miệng.
0023|Bò lúc lắc ăn kèm khoai tây chiên là món khoái khẩu của tôi.
0024|Cua rang me có vị chua ngọt hài hòa rất bắt cơm.
0025|Đầu bếp khéo léo nêm nếm gia vị cho món ăn thêm đậm đà.
0026|Gà nướng mật ong có lớp da vàng óng rất hấp dẫn.
0027|Hải sản tươi sống ở đây được chế biến ngay tại chỗ.
0028|Kem dừa Bến Tre có vị béo ngậy đặc trưng khó quên.
0029|Lẩu mắm miền Tây thơm nồng mùi mắm cá linh đặc trưng.
0030|Món tráng miệng hôm nay là bánh flan caramen mềm mịn.
0031|Nồi lẩu bò sôi sùng sục giữa tiết trời se lạnh.
0032|Ớt chỉ thiên cay xè nhưng vẫn rất được ưa chuộng.
0033|Pizza phô mai kéo sợi luôn hấp dẫn cả người lớn lẫn trẻ nhỏ.
0034|Quả sầu riêng có mùi rất nồng nhưng vị béo ngọt đặc biệt.
0035|Rượu vang đỏ thường được dùng kèm với các món bò bít tết.
0036|Salad rau củ trộn dầu giấm là món khai vị nhẹ nhàng.
0037|Tôm hùm nướng phô mai là món đặc sản của vùng biển này.
0038|Ức gà áp chảo là lựa chọn quen thuộc cho người ăn kiêng.
0039|Vịt quay Bắc Kinh có lớp da giòn tan đặc trưng.
0040|Xúc xích nướng than hoa thơm phức trong buổi tiệc ngoài trời.
0041|Bếp trưởng vừa giới thiệu thực đơn mới cho mùa hè này.
